[{"model": "contenttypes.contenttype", "pk": 1, "fields": {"app_label": "admin", "model": "logentry"}}, {"model": "contenttypes.contenttype", "pk": 2, "fields": {"app_label": "auth", "model": "permission"}}, {"model": "contenttypes.contenttype", "pk": 3, "fields": {"app_label": "auth", "model": "group"}}, {"model": "contenttypes.contenttype", "pk": 4, "fields": {"app_label": "auth", "model": "user"}}, {"model": "contenttypes.contenttype", "pk": 5, "fields": {"app_label": "contenttypes", "model": "contenttype"}}, {"model": "contenttypes.contenttype", "pk": 6, "fields": {"app_label": "sessions", "model": "session"}}, {"model": "contenttypes.contenttype", "pk": 7, "fields": {"app_label": "tasks", "model": "status"}}, {"model": "contenttypes.contenttype", "pk": 8, "fields": {"app_label": "tasks", "model": "task"}}, {"model": "contenttypes.contenttype", "pk": 9, "fields": {"app_label": "tasks", "model": "comment"}}, {"model": "contenttypes.contenttype", "pk": 10, "fields": {"app_label": "tasks", "model": "file"}}, {"model": "contenttypes.contenttype", "pk": 11, "fields": {"app_label": "profiles", "model": "profile"}}, {"model": "contenttypes.contenttype", "pk": 12, "fields": {"app_label": "djcelery", "model": "taskmeta"}}, {"model": "contenttypes.contenttype", "pk": 13, "fields": {"app_label": "djcelery", "model": "tasksetmeta"}}, {"model": "contenttypes.contenttype", "pk": 14, "fields": {"app_label": "djcelery", "model": "intervalschedule"}}, {"model": "contenttypes.contenttype", "pk": 15, "fields": {"app_label": "djcelery", "model": "crontabschedule"}}, {"model": "contenttypes.contenttype", "pk": 16, "fields": {"app_label": "djcelery", "model": "periodictasks"}}, {"model": "contenttypes.contenttype", "pk": 17, "fields": {"app_label": "djcelery", "model": "periodictask"}}, {"model": "contenttypes.contenttype", "pk": 18, "fields": {"app_label": "djcelery", "model": "workerstate"}}, {"model": "contenttypes.contenttype", "pk": 19, "fields": {"app_label": "djcelery", "model": "taskstate"}}, {"model": "sessions.session", "pk": "85s7hlqdwzsy6y8jd37uo08blz1bqc4l", "fields": {"session_data": "Zjc1MDRjYjQ3OGY4M2ZhYzliODhmMjU2MWMwMTU4YjQ5Yjc3NjcyMjp7Il9hdXRoX3VzZXJfaGFzaCI6IjA2ZmE1OGZjODc3MjU1NjA5NTNlYWI4ODZjNzA4Njc2ZTVhYzA2MjciLCJfYXV0aF91c2VyX2JhY2tlbmQiOiJkamFuZ28uY29udHJpYi5hdXRoLmJhY2tlbmRzLk1vZGVsQmFja2VuZCIsIl9hdXRoX3VzZXJfaWQiOiIzIn0=", "expire_date": "2016-02-19T13:57:13.737Z"}}, {"model": "sessions.session", "pk": "iw4x4nb1w7twyr39dnmyl0xvk78drx56", "fields": {"session_data": "Zjc1MDRjYjQ3OGY4M2ZhYzliODhmMjU2MWMwMTU4YjQ5Yjc3NjcyMjp7Il9hdXRoX3VzZXJfaGFzaCI6IjA2ZmE1OGZjODc3MjU1NjA5NTNlYWI4ODZjNzA4Njc2ZTVhYzA2MjciLCJfYXV0aF91c2VyX2JhY2tlbmQiOiJkamFuZ28uY29udHJpYi5hdXRoLmJhY2tlbmRzLk1vZGVsQmFja2VuZCIsIl9hdXRoX3VzZXJfaWQiOiIzIn0=", "expire_date": "2016-02-22T09:05:03.896Z"}}, {"model": "sessions.session", "pk": "y42wub3533cdnf11afrsx68fd443cewo", "fields": {"session_data": "Zjc1MDRjYjQ3OGY4M2ZhYzliODhmMjU2MWMwMTU4YjQ5Yjc3NjcyMjp7Il9hdXRoX3VzZXJfaGFzaCI6IjA2ZmE1OGZjODc3MjU1NjA5NTNlYWI4ODZjNzA4Njc2ZTVhYzA2MjciLCJfYXV0aF91c2VyX2JhY2tlbmQiOiJkamFuZ28uY29udHJpYi5hdXRoLmJhY2tlbmRzLk1vZGVsQmFja2VuZCIsIl9hdXRoX3VzZXJfaWQiOiIzIn0=", "expire_date": "2016-02-19T14:32:02.611Z"}}, {"model": "sessions.session", "pk": "z5kl4rv7fkdq7i6iyvkpwgdaxt0n40pf", "fields": {"session_data": "ZmU0NDUyMmQ1M2I3ZTAxNjA5YWUxOTRhMjA4N2RlMzM5ZjAzNDU4NTp7Il9hdXRoX3VzZXJfaGFzaCI6IjNjODlhNTJmM2FlNjg4MDU3ZTE0MmM5NTkyNWRlMTlhYmE2ZmQ5MTQiLCJfYXV0aF91c2VyX2JhY2tlbmQiOiJkamFuZ28uY29udHJpYi5hdXRoLmJhY2tlbmRzLk1vZGVsQmFja2VuZCIsIl9hdXRoX3VzZXJfaWQiOiIyIn0=", "expire_date": "2016-02-29T07:06:55.485Z"}}, {"model": "tasks.status", "pk": 1, "fields": {"name": "pending"}}, {"model": "tasks.status", "pk": 2, "fields": {"name": "cancel"}}, {"model": "tasks.status", "pk": 3, "fields": {"name": "in process"}}, {"model": "tasks.status", "pk": 4, "fields": {"name": "resolved"}}, {"model": "tasks.status", "pk": 5, "fields": {"name": "closed"}}, {"model": "tasks.status", "pk": 6, "fields": {"name": "reopen"}}, {"model": "auth.permission", "pk": 1, "fields": {"name": "Can add log entry", "content_type": 1, "codename": "add_logentry"}}, {"model": "auth.permission", "pk": 2, "fields": {"name": "Can change log entry", "content_type": 1, "codename": "change_logentry"}}, {"model": "auth.permission", "pk": 3, "fields": {"name": "Can delete log entry", "content_type": 1, "codename": "delete_logentry"}}, {"model": "auth.permission", "pk": 4, "fields": {"name": "Can add permission", "content_type": 2, "codename": "add_permission"}}, {"model": "auth.permission", "pk": 5, "fields": {"name": "Can change permission", "content_type": 2, "codename": "change_permission"}}, {"model": "auth.permission", "pk": 6, "fields": {"name": "Can delete permission", "content_type": 2, "codename": "delete_permission"}}, {"model": "auth.permission", "pk": 7, "fields": {"name": "Can add group", "content_type": 3, "codename": "add_group"}}, {"model": "auth.permission", "pk": 8, "fields": {"name": "Can change group", "content_type": 3, "codename": "change_group"}}, {"model": "auth.permission", "pk": 9, "fields": {"name": "Can delete group", "content_type": 3, "codename": "delete_group"}}, {"model": "auth.permission", "pk": 10, "fields": {"name": "Can add user", "content_type": 4, "codename": "add_user"}}, {"model": "auth.permission", "pk": 11, "fields": {"name": "Can change user", "content_type": 4, "codename": "change_user"}}, {"model": "auth.permission", "pk": 12, "fields": {"name": "Can delete user", "content_type": 4, "codename": "delete_user"}}, {"model": "auth.permission", "pk": 13, "fields": {"name": "Can add content type", "content_type": 5, "codename": "add_contenttype"}}, {"model": "auth.permission", "pk": 14, "fields": {"name": "Can change content type", "content_type": 5, "codename": "change_contenttype"}}, {"model": "auth.permission", "pk": 15, "fields": {"name": "Can delete content type", "content_type": 5, "codename": "delete_contenttype"}}, {"model": "auth.permission", "pk": 16, "fields": {"name": "Can add session", "content_type": 6, "codename": "add_session"}}, {"model": "auth.permission", "pk": 17, "fields": {"name": "Can change session", "content_type": 6, "codename": "change_session"}}, {"model": "auth.permission", "pk": 18, "fields": {"name": "Can delete session", "content_type": 6, "codename": "delete_session"}}, {"model": "auth.permission", "pk": 19, "fields": {"name": "Can add status", "content_type": 7, "codename": "add_status"}}, {"model": "auth.permission", "pk": 20, "fields": {"name": "Can change status", "content_type": 7, "codename": "change_status"}}, {"model": "auth.permission", "pk": 21, "fields": {"name": "Can delete status", "content_type": 7, "codename": "delete_status"}}, {"model": "auth.permission", "pk": 22, "fields": {"name": "Can add task", "content_type": 8, "codename": "add_task"}}, {"model": "auth.permission", "pk": 23, "fields": {"name": "Can change task", "content_type": 8, "codename": "change_task"}}, {"model": "auth.permission", "pk": 24, "fields": {"name": "Can delete task", "content_type": 8, "codename": "delete_task"}}, {"model": "auth.permission", "pk": 25, "fields": {"name": "Can add comment", "content_type": 9, "codename": "add_comment"}}, {"model": "auth.permission", "pk": 26, "fields": {"name": "Can change comment", "content_type": 9, "codename": "change_comment"}}, {"model": "auth.permission", "pk": 27, "fields": {"name": "Can delete comment", "content_type": 9, "codename": "delete_comment"}}, {"model": "auth.permission", "pk": 28, "fields": {"name": "Can add file", "content_type": 10, "codename": "add_file"}}, {"model": "auth.permission", "pk": 29, "fields": {"name": "Can change file", "content_type": 10, "codename": "change_file"}}, {"model": "auth.permission", "pk": 30, "fields": {"name": "Can delete file", "content_type": 10, "codename": "delete_file"}}, {"model": "auth.permission", "pk": 31, "fields": {"name": "Can add profile", "content_type": 11, "codename": "add_profile"}}, {"model": "auth.permission", "pk": 32, "fields": {"name": "Can change profile", "content_type": 11, "codename": "change_profile"}}, {"model": "auth.permission", "pk": 33, "fields": {"name": "Can delete profile", "content_type": 11, "codename": "delete_profile"}}, {"model": "auth.permission", "pk": 34, "fields": {"name": "Can add task state", "content_type": 12, "codename": "add_taskmeta"}}, {"model": "auth.permission", "pk": 35, "fields": {"name": "Can change task state", "content_type": 12, "codename": "change_taskmeta"}}, {"model": "auth.permission", "pk": 36, "fields": {"name": "Can delete task state", "content_type": 12, "codename": "delete_taskmeta"}}, {"model": "auth.permission", "pk": 37, "fields": {"name": "Can add saved group result", "content_type": 13, "codename": "add_tasksetmeta"}}, {"model": "auth.permission", "pk": 38, "fields": {"name": "Can change saved group result", "content_type": 13, "codename": "change_tasksetmeta"}}, {"model": "auth.permission", "pk": 39, "fields": {"name": "Can delete saved group result", "content_type": 13, "codename": "delete_tasksetmeta"}}, {"model": "auth.permission", "pk": 40, "fields": {"name": "Can add interval", "content_type": 14, "codename": "add_intervalschedule"}}, {"model": "auth.permission", "pk": 41, "fields": {"name": "Can change interval", "content_type": 14, "codename": "change_intervalschedule"}}, {"model": "auth.permission", "pk": 42, "fields": {"name": "Can delete interval", "content_type": 14, "codename": "delete_intervalschedule"}}, {"model": "auth.permission", "pk": 43, "fields": {"name": "Can add crontab", "content_type": 15, "codename": "add_crontabschedule"}}, {"model": "auth.permission", "pk": 44, "fields": {"name": "Can change crontab", "content_type": 15, "codename": "change_crontabschedule"}}, {"model": "auth.permission", "pk": 45, "fields": {"name": "Can delete crontab", "content_type": 15, "codename": "delete_crontabschedule"}}, {"model": "auth.permission", "pk": 46, "fields": {"name": "Can add periodic tasks", "content_type": 16, "codename": "add_periodictasks"}}, {"model": "auth.permission", "pk": 47, "fields": {"name": "Can change periodic tasks", "content_type": 16, "codename": "change_periodictasks"}}, {"model": "auth.permission", "pk": 48, "fields": {"name": "Can delete periodic tasks", "content_type": 16, "codename": "delete_periodictasks"}}, {"model": "auth.permission", "pk": 49, "fields": {"name": "Can add periodic task", "content_type": 17, "codename": "add_periodictask"}}, {"model": "auth.permission", "pk": 50, "fields": {"name": "Can change periodic task", "content_type": 17, "codename": "change_periodictask"}}, {"model": "auth.permission", "pk": 51, "fields": {"name": "Can delete periodic task", "content_type": 17, "codename": "delete_periodictask"}}, {"model": "auth.permission", "pk": 52, "fields": {"name": "Can add worker", "content_type": 18, "codename": "add_workerstate"}}, {"model": "auth.permission", "pk": 53, "fields": {"name": "Can change worker", "content_type": 18, "codename": "change_workerstate"}}, {"model": "auth.permission", "pk": 54, "fields": {"name": "Can delete worker", "content_type": 18, "codename": "delete_workerstate"}}, {"model": "auth.permission", "pk": 55, "fields": {"name": "Can add task", "content_type": 19, "codename": "add_taskstate"}}, {"model": "auth.permission", "pk": 56, "fields": {"name": "Can change task", "content_type": 19, "codename": "change_taskstate"}}, {"model": "auth.permission", "pk": 57, "fields": {"name": "Can delete task", "content_type": 19, "codename": "delete_taskstate"}}, {"model": "auth.group", "pk": 1, "fields": {"name": "customers", "permissions": [22]}}, {"model": "auth.group", "pk": 2, "fields": {"name": "experts", "permissions": []}}, {"model": "auth.group", "pk": 3, "fields": {"name": "super", "permissions": []}}, {"model": "auth.user", "pk": 1, "fields": {"password": "pbkdf2_sha256$24000$xZCf7r4q52qk$5SDTLRPqYoe3UTHeRBmD6kIeKu/kbw92j2bTFhhFsG4=", "last_login": "2016-02-12T15:11:46.245Z", "is_superuser": true, "username": "admin", "first_name": "", "last_name": "", "email": "admin@ad.com", "is_staff": true, "is_active": true, "date_joined": "2016-02-05T13:07:22Z", "groups": [3], "user_permissions": []}}, {"model": "auth.user", "pk": 2, "fields": {"password": "pbkdf2_sha256$24000$PpTKSlx1E9ax$yCm5hOEEd/x/OvLEW5elrt1oEr7nSKkRpW4x0RfCM5Y=", "last_login": "2016-02-15T07:06:55.402Z", "is_superuser": false, "username": "customer", "first_name": "", "last_name": "", "email": "customer@customer.com", "is_staff": false, "is_active": true, "date_joined": "2016-02-05T13:14:22Z", "groups": [1], "user_permissions": []}}, {"model": "auth.user", "pk": 3, "fields": {"password": "pbkdf2_sha256$24000$wWXCXryLYfzr$Oc+FNUMUTzAVPTdZlPnMuB5cR9PIb/rY3rllDiiQ7m8=", "last_login": "2016-02-12T12:58:47.219Z", "is_superuser": false, "username": "expert", "first_name": "", "last_name": "", "email": "expert@ex.com", "is_staff": false, "is_active": true, "date_joined": "2016-02-05T13:17:47.773Z", "groups": [2], "user_permissions": []}}, {"model": "auth.user", "pk": 4, "fields": {"password": "pbkdf2_sha256$24000$eE61Hf2ZP57K$sYAQp872kR2PLOoQoxhKIO3YQaXdZ5HI2uzWWQrnFBs=", "last_login": "2016-02-09T12:25:26.966Z", "is_superuser": false, "username": "super", "first_name": "", "last_name": "", "email": "super@super.com", "is_staff": false, "is_active": true, "date_joined": "2016-02-08T07:35:10Z", "groups": [3], "user_permissions": []}}, {"model": "auth.user", "pk": 25, "fields": {"password": "pbkdf2_sha256$24000$Vvjn2mm0cxfU$ARxUMulipC7HFY+ZlF6WzZZuZ7rUs6whnpVGkNPmewQ=", "last_login": "2016-02-11T10:38:59.199Z", "is_superuser": false, "username": "user1", "first_name": "", "last_name": "", "email": "user1@user1.com", "is_staff": false, "is_active": true, "date_joined": "2016-02-11T10:38:20.807Z", "groups": [1], "user_permissions": []}}, {"model": "tasks.task", "pk": 1, "fields": {"author": 2, "title": "customer tasks", "description": "New customers tasks", "start_date": "2016-02-05T13:15:22.343Z", "expect_date": "2016-05-11", "end_date": null, "status": 5, "expert": 3, "slug": "customer-tasks"}}, {"model": "tasks.task", "pk": 2, "fields": {"author": 2, "title": "new task", "description": "this is \r\na \r\nnew \r\ntask\r\nfor \r\nnew \r\nexpert", "start_date": "2016-02-05T15:22:34.814Z", "expect_date": "2016-02-06", "end_date": null, "status": 4, "expert": 3, "slug": "new-task"}}, {"model": "tasks.task", "pk": 3, "fields": {"author": 2, "title": "test", "description": "test", "start_date": "2016-02-08T08:05:11.387Z", "expect_date": "2016-02-08", "end_date": null, "status": 5, "expert": 3, "slug": "test"}}, {"model": "tasks.task", "pk": 4, "fields": {"author": 2, "title": "test1", "description": "test1", "start_date": "2016-02-08T08:05:27.311Z", "expect_date": "2016-02-09", "end_date": "2016-02-08T08:18:10.115Z", "status": 5, "expert": 3, "slug": "test1"}}, {"model": "tasks.task", "pk": 5, "fields": {"author": 2, "title": "testsdafs", "description": "testesafdsf", "start_date": "2016-02-08T09:00:20.624Z", "expect_date": "2016-02-12", "end_date": "2016-02-11T13:19:47.125Z", "status": 5, "expert": 3, "slug": "testsdafs"}}, {"model": "tasks.task", "pk": 6, "fields": {"author": 2, "title": "dsaFdsf", "description": "sdafsdf", "start_date": "2016-02-08T09:01:08.886Z", "expect_date": "2016-02-09", "end_date": "2016-02-08T13:28:31.341Z", "status": 5, "expert": 3, "slug": "dsafdsf"}}, {"model": "tasks.task", "pk": 7, "fields": {"author": 2, "title": "test", "description": "sdatasefdsaf", "start_date": "2016-02-08T09:27:00.195Z", "expect_date": null, "end_date": null, "status": 1, "expert": 3, "slug": "test-3"}}, {"model": "tasks.task", "pk": 8, "fields": {"author": 2, "title": "test", "description": "sdatasefdsaf", "start_date": "2016-02-08T09:28:21.081Z", "expect_date": "2016-02-08", "end_date": "2016-02-08T13:28:22.201Z", "status": 5, "expert": 3, "slug": "test-3-7"}}, {"model": "tasks.task", "pk": 9, "fields": {"author": 2, "title": "sasdafas", "description": "sadfsdf", "start_date": "2016-02-08T09:30:11.463Z", "expect_date": "2016-02-09", "end_date": "2016-02-08T13:28:11.158Z", "status": 5, "expert": 3, "slug": "sasdafas"}}, {"model": "tasks.task", "pk": 10, "fields": {"author": 2, "title": "test redis", "description": "test redis", "start_date": "2016-02-11T07:28:25.386Z", "expect_date": null, "end_date": null, "status": 1, "expert": 3, "slug": "test-redis"}}, {"model": "tasks.task", "pk": 11, "fields": {"author": 2, "title": "this is a new redis tasks", "description": "new redis tasks", "start_date": "2016-02-11T07:48:25.507Z", "expect_date": "2016-02-11", "end_date": "2016-02-11T07:50:09.162Z", "status": 5, "expert": 3, "slug": "this-is-a-new-redis-tasks"}}, {"model": "tasks.task", "pk": 12, "fields": {"author": 2, "title": "redis", "description": "redis", "start_date": "2016-02-11T10:54:28.809Z", "expect_date": null, "end_date": null, "status": 1, "expert": 3, "slug": "redis"}}, {"model": "tasks.task", "pk": 13, "fields": {"author": 2, "title": "cruntest1", "description": "cruntest1", "start_date": "2016-02-11T12:28:59.075Z", "expect_date": "2016-02-11", "end_date": "2016-02-11T13:19:33.969Z", "status": 5, "expert": 3, "slug": "cruntest1"}}, {"model": "tasks.task", "pk": 14, "fields": {"author": 2, "title": "new", "description": "new", "start_date": "2016-02-11T12:48:38.851Z", "expect_date": "2016-02-12", "end_date": null, "status": 3, "expert": 3, "slug": "new"}}, {"model": "tasks.task", "pk": 15, "fields": {"author": 2, "title": "new 12.02", "description": "12.02", "start_date": "2016-02-12T09:38:41.828Z", "expect_date": null, "end_date": null, "status": 1, "expert": 3, "slug": "new-1202"}}, {"model": "tasks.task", "pk": 16, "fields": {"author": 2, "title": "saf", "description": "sadf", "start_date": "2016-02-12T10:58:05.179Z", "expect_date": null, "end_date": null, "status": 1, "expert": 3, "slug": "saf"}}, {"model": "tasks.task", "pk": 17, "fields": {"author": 2, "title": "cacher", "description": "cacher", "start_date": "2016-02-12T12:58:13.897Z", "expect_date": null, "end_date": null, "status": 1, "expert": 3, "slug": "cacher"}}, {"model": "tasks.task", "pk": 20, "fields": {"author": 2, "title": "signals", "description": "signals", "start_date": "2016-02-15T07:07:06.659Z", "expect_date": null, "end_date": null, "status": 1, "expert": 3, "slug": "signals"}}, {"model": "tasks.comment", "pk": 1, "fields": {"author": 2, "text": "New comment", "is_watch": false, "create_date": "2016-02-05T13:17:08.155Z", "tasks": 1}}, {"model": "tasks.comment", "pk": 2, "fields": {"author": 2, "text": "new comment", "is_watch": false, "create_date": "2016-02-11T07:48:36.670Z", "tasks": 11}}, {"model": "tasks.comment", "pk": 3, "fields": {"author": 2, "text": "ds", "is_watch": false, "create_date": "2016-02-11T10:54:36.100Z", "tasks": 12}}, {"model": "tasks.comment", "pk": 4, "fields": {"author": 2, "text": "cruntest1", "is_watch": false, "create_date": "2016-02-11T12:29:06.423Z", "tasks": 13}}, {"model": "tasks.comment", "pk": 5, "fields": {"author": 2, "text": "cruntest1cruntest1cruntest1cruntest1cruntest1cruntest1", "is_watch": false, "create_date": "2016-02-11T12:29:11.075Z", "tasks": 13}}, {"model": "tasks.comment", "pk": 6, "fields": {"author": 2, "text": "cruntest1", "is_watch": false, "create_date": "2016-02-11T12:30:31.010Z", "tasks": 13}}, {"model": "tasks.comment", "pk": 7, "fields": {"author": 2, "text": "cruntest1cruntest1cruntest1cruntest1", "is_watch": false, "create_date": "2016-02-11T12:30:38.471Z", "tasks": 5}}, {"model": "tasks.comment", "pk": 8, "fields": {"author": 2, "text": "dsafsdf", "is_watch": false, "create_date": "2016-02-11T12:44:57.018Z", "tasks": 13}}, {"model": "tasks.comment", "pk": 9, "fields": {"author": 2, "text": "asdfasdfsa", "is_watch": false, "create_date": "2016-02-11T12:45:00.735Z", "tasks": 13}}, {"model": "tasks.comment", "pk": 10, "fields": {"author": 2, "text": "test1", "is_watch": false, "create_date": "2016-02-11T12:45:23.062Z", "tasks": 13}}, {"model": "tasks.comment", "pk": 11, "fields": {"author": 2, "text": "test1", "is_watch": false, "create_date": "2016-02-11T12:45:42.532Z", "tasks": 5}}, {"model": "tasks.comment", "pk": 12, "fields": {"author": 2, "text": "test1", "is_watch": false, "create_date": "2016-02-11T12:45:45.439Z", "tasks": 5}}, {"model": "tasks.comment", "pk": 13, "fields": {"author": 2, "text": "test1", "is_watch": false, "create_date": "2016-02-11T12:47:28.914Z", "tasks": 12}}, {"model": "tasks.comment", "pk": 14, "fields": {"author": 2, "text": "test1", "is_watch": false, "create_date": "2016-02-11T12:48:44.253Z", "tasks": 14}}, {"model": "tasks.comment", "pk": 15, "fields": {"author": 2, "text": "1", "is_watch": false, "create_date": "2016-02-11T12:49:37.724Z", "tasks": 2}}, {"model": "tasks.comment", "pk": 16, "fields": {"author": 2, "text": "asAAs", "is_watch": false, "create_date": "2016-02-11T13:16:05.075Z", "tasks": 2}}, {"model": "tasks.comment", "pk": 17, "fields": {"author": 2, "text": "sdafsdf", "is_watch": false, "create_date": "2016-02-11T13:19:54.936Z", "tasks": 14}}, {"model": "tasks.comment", "pk": 18, "fields": {"author": 2, "text": "and", "is_watch": false, "create_date": "2016-02-12T09:39:37.942Z", "tasks": 15}}, {"model": "tasks.comment", "pk": 19, "fields": {"author": 2, "text": "sadfasd", "is_watch": false, "create_date": "2016-02-12T10:07:21.172Z", "tasks": 15}}, {"model": "tasks.comment", "pk": 20, "fields": {"author": 2, "text": "new comment", "is_watch": false, "create_date": "2016-02-15T07:14:02.531Z", "tasks": 20}}, {"model": "tasks.file", "pk": 1, "fields": {"file": "files/customer-tasks/demo.docx", "create_date": "2016-02-05T13:16:59.485Z", "author": 2, "tasks": 1}}, {"model": "tasks.file", "pk": 2, "fields": {"file": "files/new-task/demo.docx", "create_date": "2016-02-08T08:33:58.388Z", "author": 1, "tasks": 2}}, {"model": "tasks.file", "pk": 3, "fields": {"file": "files/this-is-a-new-redis-tasks/ios-bg.png", "create_date": "2016-02-11T07:49:19.412Z", "author": 2, "tasks": 11}}, {"model": "tasks.file", "pk": 4, "fields": {"file": "files/new/tmux.pdf", "create_date": "2016-02-11T13:20:02.302Z", "author": 2, "tasks": 14}}, {"model": "profiles.profile", "pk": 1, "fields": {"user": 2, "slug": "customer", "activation_key": "", "key_expires": "2016-02-09T00:00:00Z", "age": null, "phonenum": null}}, {"model": "profiles.profile", "pk": 2, "fields": {"user": 3, "slug": "expert", "activation_key": "", "key_expires": "2016-02-09T00:00:00Z", "age": null, "phonenum": null}}, {"model": "profiles.profile", "pk": 3, "fields": {"user": 4, "slug": "super", "activation_key": "", "key_expires": "2016-02-09T00:00:00Z", "age": null, "phonenum": null}}, {"model": "profiles.profile", "pk": 20, "fields": {"user": 25, "slug": "user1", "activation_key": "bd3715c52c5093c4ff84b4dca5767fce2ce9ad5e", "key_expires": "2016-02-18T10:38:21.131Z", "age": null, "phonenum": null}}, {"model": "admin.logentry", "pk": 1, "fields": {"action_time": "2016-02-05T13:08:43.337Z", "user": 1, "content_type": 3, "object_id": "1", "object_repr": "customers", "action_flag": 1, "change_message": "Added."}}, {"model": "admin.logentry", "pk": 2, "fields": {"action_time": "2016-02-05T13:08:50.306Z", "user": 1, "content_type": 3, "object_id": "2", "object_repr": "experts", "action_flag": 1, "change_message": "Added."}}, {"model": "admin.logentry", "pk": 3, "fields": {"action_time": "2016-02-05T13:08:57.997Z", "user": 1, "content_type": 3, "object_id": "3", "object_repr": "super", "action_flag": 1, "change_message": "Added."}}, {"model": "admin.logentry", "pk": 4, "fields": {"action_time": "2016-02-05T13:12:22.106Z", "user": 1, "content_type": 7, "object_id": "1", "object_repr": "pending", "action_flag": 1, "change_message": "Added."}}, {"model": "admin.logentry", "pk": 5, "fields": {"action_time": "2016-02-05T13:12:28.629Z", "user": 1, "content_type": 7, "object_id": "2", "object_repr": "cancel", "action_flag": 1, "change_message": "Added."}}, {"model": "admin.logentry", "pk": 6, "fields": {"action_time": "2016-02-05T13:12:34.208Z", "user": 1, "content_type": 7, "object_id": "3", "object_repr": "in process", "action_flag": 1, "change_message": "Added."}}, {"model": "admin.logentry", "pk": 7, "fields": {"action_time": "2016-02-05T13:12:40.174Z", "user": 1, "content_type": 7, "object_id": "4", "object_repr": "resolved", "action_flag": 1, "change_message": "Added."}}, {"model": "admin.logentry", "pk": 8, "fields": {"action_time": "2016-02-05T13:12:46.592Z", "user": 1, "content_type": 7, "object_id": "5", "object_repr": "closed", "action_flag": 1, "change_message": "Added."}}, {"model": "admin.logentry", "pk": 9, "fields": {"action_time": "2016-02-05T13:12:52.731Z", "user": 1, "content_type": 7, "object_id": "6", "object_repr": "reopen", "action_flag": 1, "change_message": "Added."}}, {"model": "admin.logentry", "pk": 10, "fields": {"action_time": "2016-02-08T06:58:47.969Z", "user": 1, "content_type": 3, "object_id": "1", "object_repr": "customers", "action_flag": 2, "change_message": "Changed permissions."}}, {"model": "admin.logentry", "pk": 11, "fields": {"action_time": "2016-02-08T07:03:37.055Z", "user": 1, "content_type": 3, "object_id": "1", "object_repr": "customers", "action_flag": 2, "change_message": "No fields changed."}}, {"model": "admin.logentry", "pk": 12, "fields": {"action_time": "2016-02-08T07:03:37.124Z", "user": 1, "content_type": 3, "object_id": "1", "object_repr": "customers", "action_flag": 2, "change_message": "No fields changed."}}, {"model": "admin.logentry", "pk": 13, "fields": {"action_time": "2016-02-08T07:09:02.806Z", "user": 1, "content_type": 3, "object_id": "1", "object_repr": "customers", "action_flag": 2, "change_message": "Changed permissions."}}, {"model": "admin.logentry", "pk": 14, "fields": {"action_time": "2016-02-08T07:10:58.066Z", "user": 1, "content_type": 3, "object_id": "1", "object_repr": "customers", "action_flag": 2, "change_message": "Changed permissions."}}, {"model": "admin.logentry", "pk": 15, "fields": {"action_time": "2016-02-08T07:33:47.692Z", "user": 1, "content_type": 4, "object_id": "1", "object_repr": "admin", "action_flag": 2, "change_message": "Changed groups."}}, {"model": "admin.logentry", "pk": 16, "fields": {"action_time": "2016-02-08T07:33:54.423Z", "user": 1, "content_type": 4, "object_id": "2", "object_repr": "customer", "action_flag": 2, "change_message": "No fields changed."}}, {"model": "admin.logentry", "pk": 17, "fields": {"action_time": "2016-02-08T07:35:41.730Z", "user": 1, "content_type": 4, "object_id": "4", "object_repr": "super", "action_flag": 2, "change_message": "Changed groups."}}, {"model": "admin.logentry", "pk": 18, "fields": {"action_time": "2016-02-08T10:08:55.501Z", "user": 1, "content_type": 4, "object_id": "1", "object_repr": "admin", "action_flag": 2, "change_message": "No fields changed."}}, {"model": "admin.logentry", "pk": 19, "fields": {"action_time": "2016-02-12T15:11:59.008Z", "user": 1, "content_type": 8, "object_id": "18", "object_repr": "fsdgsdf", "action_flag": 3, "change_message": ""}}]